frame,perturb,value,inside_fov_pct,box_hit_pct,n_obj,n_obj_pts,median_shift_px,align_score,align_ratio
000001,none,0.0000,15.4904,100.0000,1,70,0.0000,0.2375,1.0000
000001,yaw_deg,0.2500,15.4912,90.0000,1,70,3.1619,0.2364,0.9954
000001,yaw_deg,0.5000,15.4896,75.7143,1,70,6.3238,0.2336,0.9834
000001,yaw_deg,1.0000,15.4904,54.2857,1,70,12.6479,0.2321,0.9771
000001,yaw_deg,2.0000,15.4929,10.0000,1,70,25.2994,0.2384,1.0038
000001,yaw_deg,3.0000,15.4946,0.0000,1,70,37.9651,0.2541,1.0697
000001,pitch_deg,0.2500,15.3324,98.5714,1,70,3.1618,0.2261,0.9519
000001,pitch_deg,0.5000,15.1113,92.8571,1,70,6.3238,0.2292,0.9647
000001,pitch_deg,1.0000,14.7421,70.0000,1,70,12.6478,0.2482,1.0447
000001,pitch_deg,2.0000,13.9813,14.2857,1,70,25.3011,0.1828,0.7696
000001,pitch_deg,3.0000,13.1955,0.0000,1,70,37.9688,0.1444,0.6080
000001,roll_deg,0.2500,15.4937,100.0000,1,70,0.0535,0.2325,0.9787
000001,roll_deg,0.5000,15.4954,100.0000,1,70,0.1070,0.2290,0.9640
000001,roll_deg,1.0000,15.5020,100.0000,1,70,0.2140,0.2381,1.0025
000001,roll_deg,2.0000,15.4821,100.0000,1,70,0.4279,0.2600,1.0947
000001,roll_deg,3.0000,15.5178,100.0000,1,70,0.6418,0.2324,0.9782
000001,t_cm,2.0000,15.4962,100.0000,1,70,0.2277,0.2384,1.0036
000001,t_cm,5.0000,15.5070,98.5714,1,70,0.5692,0.2369,0.9971
000001,t_cm,10.0000,15.5145,97.1429,1,70,1.1384,0.2329,0.9803
000004,none,0.0000,16.4370,100.0000,2,103,0.0000,0.1802,1.0000
000004,yaw_deg,0.2500,16.4344,99.0291,2,103,3.6763,0.1845,1.0238
000004,yaw_deg,0.5000,16.4284,94.1748,2,103,7.3656,0.1838,1.0202
000004,yaw_deg,1.0000,16.4103,79.6117,2,103,14.7839,0.1705,0.9462
000004,yaw_deg,2.0000,16.3611,54.3689,2,103,29.7860,0.1666,0.9246
000004,yaw_deg,3.0000,16.3525,20.3883,2,103,45.0205,0.1628,0.9035
000004,pitch_deg,0.2500,16.2706,89.3204,2,103,3.1755,0.1738,0.9647
000004,pitch_deg,0.5000,16.0430,89.3204,2,103,6.3521,0.1857,1.0306
000004,pitch_deg,1.0000,15.6567,24.2718,2,103,12.7098,0.1723,0.9563
000004,pitch_deg,2.0000,14.8651,0.0000,2,103,25.4464,0.1371,0.7607
000004,pitch_deg,3.0000,14.0460,0.0000,2,103,38.2182,0.1238,0.6870
000004,roll_deg,0.2500,16.4379,100.0000,2,103,1.2595,0.1781,0.9883
000004,roll_deg,0.5000,16.4431,100.0000,2,103,2.5190,0.1753,0.9731
000004,roll_deg,1.0000,16.4310,100.0000,2,103,5.0378,0.1593,0.8838
000004,roll_deg,2.0000,16.4181,95.1456,2,103,10.0749,0.1362,0.7560
000004,roll_deg,3.0000,16.4482,64.0777,2,103,15.1108,0.1389,0.7709
000004,t_cm,2.0000,16.4456,100.0000,2,103,0.3814,0.1825,1.0129
000004,t_cm,5.0000,16.4474,100.0000,2,103,0.9534,0.1851,1.0271
000004,t_cm,10.0000,16.4422,100.0000,2,103,1.9069,0.1903,1.0560
000008,none,0.0000,14.0655,100.0000,4,2825,0.0000,0.2111,1.0000
000008,yaw_deg,0.2500,14.0884,100.0000,4,2825,3.3209,0.2073,0.9817
000008,yaw_deg,0.5000,14.1006,99.7522,4,2825,6.6448,0.1999,0.9466
000008,yaw_deg,1.0000,14.1292,98.3009,4,2825,13.3020,0.1863,0.8826
000008,yaw_deg,2.0000,14.1847,92.7788,4,2825,26.6620,0.1828,0.8656
000008,yaw_deg,3.0000,14.2271,86.5841,4,2825,40.0999,0.1781,0.8434
000008,pitch_deg,0.2500,13.9162,99.3274,4,2825,3.3108,0.1912,0.9057
000008,pitch_deg,0.5000,13.7212,97.9115,4,2825,6.6247,0.1866,0.8840
000008,pitch_deg,1.0000,13.3769,94.2301,4,2825,13.2576,0.1766,0.8366
000008,pitch_deg,2.0000,12.6645,83.7876,4,2825,26.5030,0.1653,0.7830
000008,pitch_deg,3.0000,11.9718,71.8938,4,2825,39.7275,0.1432,0.6783
000008,roll_deg,0.2500,14.0745,100.0000,4,2825,0.6246,0.2090,0.9899
000008,roll_deg,0.5000,14.0655,100.0000,4,2825,1.2492,0.2058,0.9749
000008,roll_deg,1.0000,14.0631,99.3274,4,2825,2.4983,0.2046,0.9691
000008,roll_deg,2.0000,14.0459,97.8053,4,2825,4.9965,0.1961,0.9289
000008,roll_deg,3.0000,14.0900,96.2124,4,2825,7.4941,0.1996,0.9456
000008,t_cm,2.0000,14.0623,100.0000,4,2825,1.8520,0.2114,1.0012
000008,t_cm,5.0000,14.0574,100.0000,4,2825,4.6300,0.2097,0.9933
000008,t_cm,10.0000,14.0386,100.0000,4,2825,9.2600,0.2005,0.9497
000011,none,0.0000,18.4678,99.7917,4,480,0.0000,0.2258,1.0000
000011,yaw_deg,0.2500,18.4734,96.6667,4,480,3.3420,0.2143,0.9490
000011,yaw_deg,0.5000,18.4678,88.9583,4,480,6.6906,0.1904,0.8431
000011,yaw_deg,1.0000,18.4734,69.3750,4,480,13.4083,0.1720,0.7618
000011,yaw_deg,2.0000,18.4836,35.6250,4,480,26.9304,0.1659,0.7346
000011,yaw_deg,3.0000,18.4697,17.9167,4,480,40.5762,0.1670,0.7396
000011,pitch_deg,0.2500,18.2947,95.4167,4,480,3.1998,0.2048,0.9071
000011,pitch_deg,0.5000,18.0521,87.5000,4,480,6.4018,0.1967,0.8711
000011,pitch_deg,1.0000,17.6475,80.8333,4,480,12.8128,0.1710,0.7573
000011,pitch_deg,2.0000,16.8003,54.3750,4,480,25.6662,0.1285,0.5693
000011,pitch_deg,3.0000,15.9531,38.3333,4,480,38.5688,0.1117,0.4946
000011,roll_deg,0.2500,18.4706,100.0000,4,480,0.7166,0.2258,1.0002
000011,roll_deg,0.5000,18.4697,99.5833,4,480,1.4331,0.2233,0.9888
000011,roll_deg,1.0000,18.4725,98.3333,4,480,2.8662,0.2241,0.9927
000011,roll_deg,2.0000,18.4484,93.1250,4,480,5.7321,0.1940,0.8591
000011,roll_deg,3.0000,18.4891,88.5417,4,480,8.5974,0.1869,0.8279
000011,t_cm,2.0000,18.4715,99.5833,4,480,0.5822,0.2326,1.0300
000011,t_cm,5.0000,18.4614,99.1667,4,480,1.4556,0.2345,1.0384
000011,t_cm,10.0000,18.4493,97.0833,4,480,2.9111,0.2229,0.9873
000019,none,0.0000,16.2424,100.0000,3,1361,0.0000,0.2523,1.0000
000019,yaw_deg,0.2500,16.2545,99.8530,3,1361,3.5440,0.2379,0.9431
000019,yaw_deg,0.5000,16.2735,99.0448,3,1361,7.0786,0.2141,0.8487
000019,yaw_deg,1.0000,16.3003,96.2528,3,1361,14.1202,0.1988,0.7879
000019,yaw_deg,2.0000,16.3461,88.4644,3,1361,28.0983,0.1953,0.7739
000019,yaw_deg,3.0000,16.3669,81.6312,3,1361,41.9452,0.2019,0.8002
000019,pitch_deg,0.2500,16.0825,98.8979,3,1361,3.2924,0.2181,0.8643
000019,pitch_deg,0.5000,15.8673,98.0896,3,1361,6.5885,0.2066,0.8189
000019,pitch_deg,1.0000,15.5034,91.6238,3,1361,13.1915,0.1857,0.7358
000019,pitch_deg,2.0000,14.7203,78.7656,3,1361,26.4477,0.1635,0.6480
000019,pitch_deg,3.0000,13.9260,71.2711,3,1361,39.7765,0.1827,0.7239
000019,roll_deg,0.2500,16.2476,99.9265,3,1361,1.0214,0.2320,0.9195
000019,roll_deg,0.5000,16.2493,99.5591,3,1361,2.0428,0.2345,0.9294
000019,roll_deg,1.0000,16.2277,99.5591,3,1361,4.0856,0.2187,0.8668
000019,roll_deg,2.0000,16.2044,97.7957,3,1361,8.1711,0.2201,0.8722
000019,roll_deg,3.0000,16.2338,95.2241,3,1361,12.2562,0.2199,0.8714
000019,t_cm,2.0000,16.2364,100.0000,3,1361,1.7220,0.2483,0.9843
000019,t_cm,5.0000,16.2200,100.0000,3,1361,4.3050,0.2492,0.9878
000019,t_cm,10.0000,16.2035,100.0000,3,1361,8.6101,0.2419,0.9586
000049,none,0.0000,15.9142,99.7994,6,2493,0.0000,0.3038,1.0000
000049,yaw_deg,0.2500,15.9353,99.5187,6,2493,3.5261,0.3057,1.0065
000049,yaw_deg,0.5000,15.9503,97.9543,6,2493,7.0519,0.3000,0.9875
000049,yaw_deg,1.0000,15.9854,93.5018,6,2493,14.1024,0.2845,0.9365
000049,yaw_deg,2.0000,16.0338,85.6398,6,2493,28.2313,0.2652,0.8730
000049,yaw_deg,3.0000,16.0356,77.2162,6,2493,42.4105,0.2572,0.8466
000049,pitch_deg,0.2500,15.7418,99.2379,6,2493,3.2293,0.2607,0.8582
000049,pitch_deg,0.5000,15.5316,98.2351,6,2493,6.4609,0.2333,0.7680
000049,pitch_deg,1.0000,15.1639,92.1380,6,2493,12.9318,0.2057,0.6772
000049,pitch_deg,2.0000,14.3864,75.3710,6,2493,25.9066,0.1967,0.6476
000049,pitch_deg,3.0000,13.6159,57.4007,6,2493,38.9296,0.1719,0.5660
000049,roll_deg,0.2500,15.8992,99.7994,6,2493,1.0151,0.2786,0.9170
000049,roll_deg,0.5000,15.8957,99.7994,6,2493,2.0301,0.2618,0.8619
000049,roll_deg,1.0000,15.8940,98.3554,6,2493,4.0601,0.2350,0.7735
000049,roll_deg,2.0000,15.8755,96.3498,6,2493,8.1196,0.2264,0.7452
000049,roll_deg,3.0000,15.9230,93.5018,6,2493,12.1783,0.2212,0.7280
000049,t_cm,2.0000,15.9151,99.7593,6,2493,1.1031,0.3077,1.0130
000049,t_cm,5.0000,15.9230,99.7593,6,2493,2.7578,0.3045,1.0025
000049,t_cm,10.0000,15.9327,99.2379,6,2493,5.5156,0.3013,0.9919
