perturb,value,range,n_pts,n_hit,box_hit_pct
none,0.000,0-15 m,5496,5495,99.982
none,0.000,15-30 m,1403,1403,100.000
none,0.000,30+ m,433,428,98.845
pitch_deg,0.250,0-15 m,5496,5476,99.636
pitch_deg,0.250,15-30 m,1403,1376,98.076
pitch_deg,0.250,30+ m,433,393,90.762
pitch_deg,0.500,0-15 m,5496,5429,98.781
pitch_deg,0.500,15-30 m,1403,1323,94.298
pitch_deg,0.500,30+ m,433,375,86.605
pitch_deg,1.000,0-15 m,5496,5231,95.178
pitch_deg,1.000,15-30 m,1403,1213,86.458
pitch_deg,1.000,30+ m,433,224,51.732
pitch_deg,2.000,0-15 m,5496,4676,85.080
pitch_deg,2.000,15-30 m,1403,861,61.368
pitch_deg,2.000,30+ m,433,52,12.009
pitch_deg,3.000,0-15 m,5496,4044,73.581
pitch_deg,3.000,15-30 m,1403,572,40.770
pitch_deg,3.000,30+ m,433,0,0.000
roll_deg,0.250,0-15 m,5496,5495,99.982
roll_deg,0.250,15-30 m,1403,1403,100.000
roll_deg,0.250,30+ m,433,428,98.845
roll_deg,0.500,0-15 m,5496,5490,99.891
roll_deg,0.500,15-30 m,1403,1401,99.857
roll_deg,0.500,30+ m,433,428,98.845
roll_deg,1.000,0-15 m,5496,5469,99.509
roll_deg,1.000,15-30 m,1403,1368,97.505
roll_deg,1.000,30+ m,433,421,97.229
roll_deg,2.000,0-15 m,5496,5384,97.962
roll_deg,2.000,15-30 m,1403,1319,94.013
roll_deg,2.000,30+ m,433,408,94.226
roll_deg,3.000,0-15 m,5496,5284,96.143
roll_deg,3.000,15-30 m,1403,1260,89.808
roll_deg,3.000,30+ m,433,362,83.603
t_cm,2.000,0-15 m,5496,5496,100.000
t_cm,2.000,15-30 m,1403,1403,100.000
t_cm,2.000,30+ m,433,425,98.152
t_cm,5.000,0-15 m,5496,5494,99.964
t_cm,5.000,15-30 m,1403,1403,100.000
t_cm,5.000,30+ m,433,424,97.921
t_cm,10.000,0-15 m,5496,5484,99.782
t_cm,10.000,15-30 m,1403,1394,99.359
t_cm,10.000,30+ m,433,419,96.767
yaw_deg,0.250,0-15 m,5496,5491,99.909
yaw_deg,0.250,15-30 m,1403,1398,99.644
yaw_deg,0.250,30+ m,433,405,93.533
yaw_deg,0.500,0-15 m,5496,5475,99.618
yaw_deg,0.500,15-30 m,1403,1355,96.579
yaw_deg,0.500,30+ m,433,355,81.986
yaw_deg,1.000,0-15 m,5496,5391,98.090
yaw_deg,1.000,15-30 m,1403,1231,87.741
yaw_deg,1.000,30+ m,433,249,57.506
yaw_deg,2.000,0-15 m,5496,5060,92.067
yaw_deg,2.000,15-30 m,1403,1012,72.131
yaw_deg,2.000,30+ m,433,122,28.176
yaw_deg,3.000,0-15 m,5496,4750,86.426
yaw_deg,3.000,15-30 m,1403,802,57.163
yaw_deg,3.000,30+ m,433,37,8.545
