perturb,value,detected_frames,n_frames,mean_ratio,mean_box_hit_pct
pitch_deg,0.250,4,6,0.909,96.795
pitch_deg,0.500,4,6,0.890,93.986
pitch_deg,1.000,4,6,0.835,75.516
pitch_deg,2.000,6,6,0.696,51.097
pitch_deg,3.000,6,6,0.626,39.816
roll_deg,0.250,2,6,0.966,99.954
roll_deg,0.500,2,6,0.949,99.824
roll_deg,1.000,3,6,0.915,99.263
roll_deg,2.000,5,6,0.876,96.704
roll_deg,3.000,5,6,0.854,89.593
t_cm,2.000,0,6,1.008,99.890
t_cm,5.000,0,6,1.008,99.583
t_cm,10.000,1,6,0.987,98.911
yaw_deg,0.250,2,6,0.983,97.511
yaw_deg,0.500,3,6,0.938,92.600
yaw_deg,1.000,5,6,0.882,81.888
yaw_deg,2.000,5,6,0.863,61.146
yaw_deg,3.000,5,6,0.867,47.289
